id,text
1,Ko je odgovoran za rastući ponos u brazilskim zajednicama?
2,Koje godine je visokoškolski tehnološki institut stekao mogućnost da izdaje diplome iz tehnologije?
3,Šta je bio problem ranih 1800-ih godina?
4,Koliko puta nalog mora da prekrši autorska prava da bi ga obrisali?
5,Koliko je bila vredna pogodba?
6,Koje godine se to dogodilo?
7,Kako je tvrdio da je ukrao FA kup?
8,Mogu li da igraju i novi klubovi?
9,U kom vremenskom okviru su ovi ljudi bili porobljeni?
10,Zašto se održava na Vembli stadionu?
11,Zašto je ovo novo pravilo uvedeno da stupa na snagu?
12,Kada se Afrika sudarila sa Evroazijom čiji je morski put prestao da bude tokom miocena?
13,"Prema Modelu akcione tendencije, suprotno od pristupa se opisuje kao kakvo nepokretno?"
14,Šta je navelo desničarske vlasti Latinske Amerike da podrže državni udar?
15,Šta odlučuje glasanje na ovim prostorima od kraja 20. veka?
16,U kojoj godini su liberali osvojili ogromnu većinu na opštim izborima?
17,Odakle je poreklo tkanja ćilima u carstvu?
18,Koji je to jedan univerzitet koji je osnovan u carstvu početkom 18. veka?
19,Šta se odnosi na poreze a rezultat je postojanja nemuslimana u carstvu?
20,Ko je češće bio porobljen?
21,Da li ima opet neka sledeća promena na mapi?
22,Koje dinamičke potrebe su bile razlog za izgradnju?
23,Koja vrsta muzike se razvila pred kraj ere?
24,U kom veku je indijska kultura bila neprijateljski recipirana?
25,Koji je glavni razlog zbog koga su neke zemlje bile izostavljene iz izveštaja za 2010. godinu?
26,Kako se raspoređuje poslednja četvrtina novca?
27,Koliko je članova bilo u „predsedništvu” u Jajcu?
28,Koje su prvih 6 kola?
29,Kolika je prosečna posećenost utakmica za ligu?
30,Koji Španac je vodio bitku 1571. godine?
31,Ko su bili neki od ovih ranih lekara?
32,Kakva je vrsta sporazuma sa Emiratima?
33,Koje godine je u jugoslovenskoj partiji već osnovan špijunski lanac?
34,Gde se većina povreda dešava?
35,"Pojačani prihod finansira šta, pored Gugla?"
36,Koji kanal je zvanično pokrenuo novogodišnje emitovanje?
37,Koja je bila granica njegove memorije velike brzine?
38,Koliko je minimalno vreme koje prođe pre nego što se većina snimaka objavi za gledanje?
39,Koliko dugo ostaje sponzor?
40,Koja ekipa je 1999. godine imala startnu postavu koju su činili potpuno strani igrači?
41,Šta je bio kanal u početnom modelu?
42,Koliko dugo su klubovi bili zabranjeni?
43,Koji akt je omogućio da politehnike postanu univerziteti?
44,Kada su se Vlasi preselili u region?
45,Koje godine je osnovana politehnička škola?
46,Koliko dugo je osoba nazvana „doživotni predsednik” obavljala zvanje?
47,Kada će isteći Bi-Bi-Si-jev vikend paket najistaknutijih događaja?
48,Koji tim je završio četvrti u sezoni 2009./2010. godine?
49,Koji su bili glavni uticaji na službeni jezik carstva?
50,Da li je klub kasnije zažalio zbog svog izbora?
51,Da li je bilo kojoj drugoj zemlji od tada dozvoljeno da učestvuje u takmičenju?
52,Zašto je ekonomija počela da se širi?
53,Kako se zvao ugovor iz 1832. godine?
54,Ko objavljuje pravila igre?
55,Koji je jezik bio jezik 3/4 stanovništva?
56,Kada je počela patnja Jevreja?
57,Na koliko teritorija se emituje Premijer liga?
58,"Šta je nestalo, a zatim ponovo kreirano kako bi se izvodila muzika tog perioda?"
59,Kako glasi latinska reč za arhitekturu?
60,Koja liga ulazi u treće kolo?
61,Kada je regrutovan u vojsku?
62,Gde su mogući osumnjičeni prebačeni?
63,Za koji tim je postignut prvi gol?
64,Koliko metoda korupcije postoji u pravosuđu?
65,Koja merna jedinica je sada izražena zakonima?
66,"Šta sledi kada se parametar smanji, a prvo se imenuje preostali numerički parametar?"
67,U kojoj sezoni FA kupa se to dogodilo?
68,Ko je pomagao u operacijama u severoistočnim oblastima Jugoslavije?
69,"Šta su oni radili tokom Arapskog proleća koristeći Jutjub, kako je rekao jedan aktivista?"
70,Koja istorija je trebalo da bude uključena u poređenje?
71,U kojoj godini su neki delovi Osmanskog carstva stekli nezavisnost?
72,Ko je predsednik FAPL-a i kada je imenovan?
73,Koliko je bila stopa kašnjenja hipotekarskih kredita u 2008. godini?
74,"Antropolozi razvoja žele da znaju zašto, ako je cilj da se smanji siromaštvo, šta čini to siromaštvo?"
75,Za šta je nagrada dodeljena 1998. godine?
76,Kada su se preselili u Izrael?
77,Koji trener je obnovio uniforme igračima 1933. godine?
78,Koji su delovi trofeja?
79,Gde se dešava apsorpcija?
80,Mogu li Velški klubovi da učestvuju u takmičenju?
81,Šta zakon zahteva od kriminalca?
82,Koje gimnastičke aparate koristi grupa?
83,Kada se održava finale?
84,Koja je jedna vrsta verskog događaja na koji šira javnost može doći da proba stvaranje carske palate?
85,Ko ga je zarobio tokom Prvog svetskog rata?
86,Dela iz Zlatnog doba muzike usklađuju radnju sa čim?
87,Većina video snimka omogućava korisnicima da šta rade?
88,Šta pobednici dobijaju?
89,Koja disciplina studente osnovnih studija može  zainteresovati opštezdravstvene studije?
90,Kada igrači mogu sasvim da pomeraju loptu u bilo kom pravcu?
91,Kada je uspostavljen moderan kup?
92,Koje je američko odeljenje istražilo optužbe?
93,Koliko stanovništva carstva su činili muslimani u 1820-im godinama?
94,Koliko sati videa je postavljano svakog minuta od 2014. godine?
95,Ko je sproveo studiju iz 2007. godine?
96,Kada se igraju revanš utakmice?
97,Koliko igrača ima u svakom timu?
98,"Šta još mogu imati oni koji primaju pomoć veze, plaćati mito ili?"
99,Zašto je dobila ovu nagradu?
100,Mogu li produžiti svoj ugovor?
101,Koji su bili glavni sudovi carstva?
102,Ko organizuje Svetska prvenstva?
103,Ko je postavio prvi primer okruženja koji se nastavlja i danas?
104,Koliko dugo traje program?
105,Ko je bio prvi klub izvan koji je pobedio?
106,Koji je bio rekordan honorar za prelaz u 1996. godini?
107,Kako se zvala funkcionalnost koja je korisnicima dala mogućnost da sačuvaju snimak sajta?
108,Koji tip računara izvrši asemblerski jezik koji je pretvoren na mašinski jezik?
109,Za šta je bila odgovorna federalna vlada?
110,Šta znači kleptokratija?
111,Koja vrsta kontejnera može da se koristiti za prevoz točenog piva i da li je bolja za životnu sredinu od flaše?
112,Koliki je bio iznos od prvih pet sezona prava Skaj-a?
113,Koliko je dizajna trofeja bilo?
114,Koji period karakteriše  21. vek?
115,Kakav efekat je način naplate poreza uticao na njegov prihod?
116,Odakle dolazi bogatstvo zlatnog doba?
117,Koja su dva različita rezultata?
118,Kakav je tip napada bio u Bosni?
119,Sa kojim godinama argumentuje Li da počinje i završava se nesposobna vladavina carstva?
120,Na koju grupu su se ljudi katoličke vere uglavnom referisali?
121,Koliko prethodnih programa ima na takmičenjima visokog nivoa?
122,Koliko klubova je ušlo u sezoni 2005./2006. godine?
123,Koliko je stranih odlikovanja dobio?
124,Zašto su se studenti premestili u Rusiju?
125,Da li je takmičenje otvoreno za bilo koga?
126,Šta podržava ATC?
127,Gde su se neprijatelji po prvi put pojavili tokom rata?
128,Koje su veb-stranice uklonjene iz Internet arhive 2002. godine sa sadržajem koji je kritikovao koji religiozni pokret?
129,Čije je potrebe ovaj novi pokret trebalo da zadovolji?
130,Šta ovaj sistem za lučenje transportuje?
131,Kako je područje politički posmatrano?
132,Koji je sufiks Tajms dodao na zaglavlje svog izdanja .godine?
133,Kada je izneta ova tvrdnja?
134,Za šta je analiza pokazala pomešane rezultate?
135,Ko je trenutni sponzor?
136,Da li su ljudi mešane rasa klasifikuju kao crnci?
137,Kako se zvala britanska spoljna politika?
138,"Šta bi neki ljudi mediteranskog porekla mogli da prijave kao bolno, a da ljudi ovog porekla ne bi?"
139,Na šta se odnosio originalni izraz?
140,Koje godine je tim Premijer lige razmatrao prelazak u Irsku?
141,"Koji je bio najveći, pomenut okean, koji je postojao u periodi devona?"
142,Zašto su ljudi bili uvređeni ovim komentarom?
143,Šta timovi dobijaju za dobar rad tokom cele sezone?
144,Koja karipska nacija je protestovala zbog toga što je izostavljena iz izveštaja za 2010. godinu?
145,Šta je bio prvobitni podsticaj za kreiranje veb stranice?
146,Koja grupa je preuzela kontrolu 1933.?
147,Ko je bio reformator koji je imao podršku osmanskih admirala tokom Rusko-turskog rata?
148,Gde je odigrana prva igra na podlozi 3G?
149,Šta se dešava u slučaju nerešenog rezultata?
150,Koliko je vredeo prvi ugovor o televizijskim pravima koji je dodeljen Skaj-u?
151,Koja liga može da se takmiči?
152,Koje su prednosti jednostavnog modela?
153,Kada se smatralo da je počeo period pre rata?
154,Šta se verovalo da je stopa pismenosti u javnosti na kraju 19. veka u carstvu?
155,Šta je evropskim silama bilo potrebno da bi njihova prava na ova područja bila legitimna?
156,Ko je osvojio prvi i drugi pehar?
157,"Ko je pomogao da se razvije materijalizam, u to vreme?"
158,Koje godine je kriza skoro prerasla u oružani sukob?
159,Da li su se neke druge zemlje ikada takmičile?
160,Pod kojim imenom poznati sultan ima kompozicije koje se i danas izvode?
161,Koliki je maksimalni rezultat za program?
162,Šta kritičari imaju da kažu o ovoj isplati?
163,Koje godine je takmičenje nastavljeno posle Prvog svetskog rata?
164,Kako se naziva dobijena gusta tečnost?
165,Ko samo može da rukuje loptom?
166,Koliko je bilo prostrano poreklo zarobljenika?
167,Koja oblast komunikacije je temeljnije istražena?
168,Gde se mogu naći ove tri elementa u imunološkom sistemu?
169,Koju cifru premašuju doprinosi u 2014. godini?
170,Koji nadimak je podstakao povratak topa na grb kluba?
171,Ko je započeo probe u avgustu 1936. godine?
172,Koja je vrsta poremećaja imunog sistema?
173,Ko je bio prvi tim koji je pobedio koristeći zlatni gol u svoju korist?
174,Kada su se dešavale mnoge borbe za nezavisnost ili svrgavanje postojećih  vlada?
175,Zašto je upotrebljen ovaj glagol?
176,Koje godine su počeli da se preseljavaju u Izmir?
177,Gde se većina ovih kompanija nalazi na aerodromu?
178,Koliko timova je u prvom kolu?
179,Šta je postala birokratija pisara?
180,Kako je Kina nazvala sebe posle rata?
181,Koliko se studenata premestilo iz Afrike u Rusiju?
182,Za šta je vladaru bio koristan ekonomski cilj države?
183,Ko odlučuje o tome ko je nagrađen bodovima za prekinute utakmice?
184,Zašto se mogu naći hiljade antropoloških referenci na te teme?
185,Šta svaka zemlja ima?
186,Šta se nalazi na Floridi?
187,Koji model korelira mnogo bolje od hiperboličkog modela?
188,Kako se drugačije naziva jednostavni model?
189,Kojoj partiji u Jugoslaviji je pristupio?
190,Ko je dobio prvi savršen rezultat?
191,Koliko sada ima učesnika?
192,Sa koliko divizija je počela Premijer liga u to vreme?
193,Koja je uobičajena upotreba tehnologije za konferenciju?
194,Kakav je bio postojeći sistem u to vreme?
195,Na šta se odnosi 21. vek?
196,Ko traži status manjine od vlade?
197,Koliko ekonomista ukazuje na greške u podacima u HDI-u?
198,Ko je pripadao ovim brojnim organizacijama?
199,Ko je bio izvršni direktor ili potsekretar generalnog sekretara od 1969. do 1987. godine?
200,Ko je porobio ove ljude?
201,Gde se pre toga odigravalo polufinale?
202,Koliko se timova takmičilo te godine?
203,Koje zakone su uveli da podrže crnce?
204,Kako se tada zvao stadion Vembli?
205,Koji kompozitor je nastavio upotrebu kontrapunkta i fuge?
206,Kome ovi zakoni sprečavaju da zabrani postavljanje antena?
207,Kada je reč ušla u upotrebu?
208,Ko je vodio savezničke sile?
209,Koliko se primeraka ovog albuma prodalo?
210,Za šta se ove zemlje oslanjaju na stranu pomoć?
211,Koja godina je korišćena za procene u izveštaju za 2010. godinu?
212,Ko je bio isključen?
213,Čega su se ljudi plašili 1930. godine?
214,Koja kompanija izdaje Tajms i njegove sestrinske novine  Sandej Tajms?
215,Gde su robovi bili dovedeni?
216,"Kada Setanta Sports nije mogao da plati svoj račun ligi, koja mreža je preuzela prava na emitovanje od njih?"
217,Koju vrstu poslovanja uključuju neke od ovih kompanija?
218,Koja grana vlade je odbila finansiranje UNFPA?
219,Na koje područje je carstvo prestalo da se širi posle bitke 1683. godine?
220,Šta je ovaj sporazum utvrdio?
221,Ko je kontrolisao muzičke institucije pre 19. veka?
222,Šta je dovelo do smanjenja moći aristokrata?
223,Šta je glavno usmerenje Tehničkog univerziteta?
224,Koji uslov je pripisan prekomernom opijanju u jednoj studiji iz 2004. godine?
225,Koliko je bila udaljena bolnica od ovog seoskog područja?
226,Šta bi moglo da se desi sa nekoliko najboljih timova na kraju sezone?
227,Gde je bilo centralizovano carstvo Marata?
228,Proučavanjem čega saznajemo i kako oni utiču na dinamiku grada?
229,Da li igra nekada nije uspela da se proda?
230,Iz koliko delova se sastoji trofej?
231,Kada su ove zajednice nastale?
232,Šta je Demokratska partija uradila 1970-ih godina?
233,Šta se dogodilo sa izgradnjom tokom depresije?
234,Kakav je tip poruke se šalje u jednostavnom modelu?
235,Koliko je veličina krova?
236,Sigurnosni razlozi mogu biti razlog zašto neko nosi ovu vrstu odeće.
237,Koliko je bilo odlučeno da ih se precrta u 2015. godini?
238,Šta je bio pošiljalac u početnom modelu?
239,Šta je kolonista gajio?
240,Koliko je tradicionalno bilo politehnika?
241,Ko još uvek koristi izraz „rob” u vezi s njima?
242,Koja je podrška za video format dodata je 2009. godine?
243,Ko proverava video snimke koji su označeni da sadrže neovlašćen sadržaj?
244,"Dakle, kada je bilo prvo nacionalno emitovanje?"
245,Ko je autor istraživačkog rada o biodiverzitetu?
246,Koja zemlja je dobila dva puta najviše rangiranje?
247,Bezbednost za Titovu posetu bila je neobično visoka da bi se Tito držao podalje od kojih pojedinaca?
248,Šta se na kraju smanjilo u kvalitetu ovim pronalaženjem?
249,Ko je da citirao rečenicu iz 1960-ih?
250,Šta je Program akcije izdao?
251,Koja nova vojna akademija je formirana u junu 1914. godine?
252,Za vreme kog perioda je administracija  odbila finansiranje?
253,Ko odlučuje koliko dugo može trajati prekid?
254,Koja teorija je iza empirijskih analiza?
255,Šta bi bilo dovoljno da se pomogne ljudima kojima je potrebna medicinska pomoć da lokalna korupcija ne postoji u ovim zemljama?
256,Da li je broj novih učesnika ostao isti?
257,Koji su glavni predmeti koje obrađuje nastavnik?
258,Koji je potreban kvalitet sportskog terena?
259,Koliko dugo je britanska istočnoindijska kompanija vladala posle rata?
260,Koji specifični hormon katalizuje ove promene kod ženki?
261,Koliko dugo je sistem notnog pisma u upotrebi?
262,Gde su lekovi preusmeravani?
263,U čemu je kapiten deo pre početka utakmice?
264,Kako se sada zove kup?
265,Pre koliko vremena se ovaj zločin dogodio?
266,Između koga je bio glavni sukob?
267,Ko je objavio podatke dostupne za procenu troškova incidenta?
268,Koje je bilo najkorišćenije mesto?
269,Za šta su teoretičari sumnjali da su uzroci ovih obrazaca?
270,Na šta su se reformatori osvrnuli da bi otklonili društvene probleme?
271,Zbog kog nedela je uhapšen?
272,Koja organizacija je protiv presude suda?
273,Kada je logo belog topa zamenjen grbom kluba?
274,Koliko je klubova prvobitno bilo u ligi?
275,Ko je bio lokalni vođa bande u istoj oblasti?
276,Kako su bili poznati unajmljeni pisari?
277,"Gde se sa preseljenjem, u Rusiju, nastavilo u mnogim zemljama?"
278,Koja dragocena tkanina može ostati neposečena?
279,U kojoj vrsti poziciji lopta ne može biti primljena?
280,Koje jezici su najčešći?
281,Koja dva primera su data za šta je „viša škola” ili „visoko” obrazovanje?
282,Da li je delovao sam?
283,Koju skoro svu teritoriju je zahtevala Pruska?
284,Kako je nazvao svoju vojsku robova?
285,Kada je definicija rase bila fleksibilnija?
286,Koja godina je korišćena za procene u izveštaju za 2014.?
287,Šta je nošenje bilo čega što bi moglo biti opasno?
288,Koliko endemičnih floralnih vrsta ima u šumama?
289,Koja karipska nacija se nalazi u gornjem kvartilu HDI-a (ali nema IHDI)?
290,Šta se dešava sa višestrukim osvajačima kupova?
291,Ko je bila stvarna strana koja je zahtevala uklanjanje kritičnih sajtova?
292,Kako je danas poznata mreža koja se proširila?
293,Ko je bio na čelu pvih državnih organizacija?
294,Da li klubovi igraju revanš jedni protiv drugih?
295,Koji je bio krajnji cilj državnog ekonomskog sistema?
296,Ko prikazuje finale 2011. godine?
297,Kolika je bila stopa pismenosti u javnosti do početka 19. veka u carstvu?
298,Gde je većina arhitekata naučila svoj zanat?
299,Koliko utakmica je potrebno za pobedu?
300,Kako je Sovjetski Savez anektirao neke od svojih teritorija?
301,Kada je takmičenje proslavilo stogodišnjicu?
302,Do koliko finala kupa je dostigao Arsenal?
303,Kada se vrši graviranje?
304,"Nakon što je skandal postao javan, šta je UNFPA radila u cilju reforma u Peruu?"
305,Kog datuma je objavljeno da je BiTi dobio ugovor o emitovanju?
306,Koje vrste zgrada i građevinskih projekata nisu naklonjeni novim pokretima?
307,Šta ovo ima za cilj da stimuliše?
308,Da li je kup izgubljen u to vreme?
309,Ko je prvi otkrio ove delove imunog sistema?
310,Šta korumpirane zemlje dobijaju na međunarodnom tržištu kada se prekrše ovi zakoni?
311,Kada se Jugoslavija raspala?
312,Šta se desilo sa pravilima sajta u decembru 2010. godine?
313,Koga su počeli da asimiliraju nakon svog kasnijeg širenja?
314,Na šta se četvrti cilj usredsređuje da se poboljša?
315,Da li gubitnik kupa dobija nešto?
316,U kojoj godini je iznet predlog za novu ligu?
317,Kome je ponekad bilo dozvoljeno da koristi bazu podataka arhiva?
318,"Koji tim je 1938. godine koristio isti dizajn sportske opreme, ali u zelenoj boji?"
319,Koliko ljudi zapošljava partnerski program?
320,Na kojim ostrvima se nalazila Državna letnja rezidencija od 1949. godine?
321,Šta je mašina koristila da generiše svoj takt talasnih oblika?
322,Šta isključuje maksimalni broj igrača?
323,Kada se završio religiozni sukob u Evropi?
324,Koje su klasifikacije date?
325,Sa kojim amandmanom je predsedavajući FKK-e uporedio ovu odluku?
326,Šta je dodato opcijama za postavljanje u julu 2012. godine?
327,Koliko puta je Premijer liga osvojila Svetsko klupsko prvenstvo u fudbalu (FIFA Klub) tokom istog vremenskog perioda?
328,Gde se sada igra finale?
329,Ko je vodio pokret za građanska prava?
330,Šta se desilo sa rezultatima učenika koji su slušali rokenrol ili kantri?
331,Da li se uvek održavalo na stadionu Milenijum?
332,Koje zemlje su doživele pad HDI?
333,Koji događaj je prvi put emitovan 1. januara 2004. godine?
334,Kojim događajem je završen „klasični period”?
335,Za koji iznos tokom četiri godine je obnovljen ugovor 1998. godine?
336,Koji procenat spada u haplogrupe koje su specifične za istočnu i južnoazijsku populaciju?
337,Koliko daleko unazad su otišli neki od predaka?
338,Šta su funkcioneri kada formalno zakonodavstvo ne može biti regulisano?
339,Gde je održan kup 2005. godine?
340,Ko je bio egipatski predsednik?
341,Koliko utakmica svaki klub igra svake sezone?
342,Ko je uspostavio strogu klasnu hijerarhiju?
343,Šta je bio izvor rata?
344,Ko je prirodni fonolog broj dva?
345,Aneksija koja dva regiona je rezultirala velikim grupama muslimanskih izbeglica koji su dolazile u carstvo?
346,Koliko prihoda ostvaruje liga od domaćih i međunarodnih televizijskih prava?
347,Ko je opisao robove kao crnce?
348,Šta je ova pretnja podrivala?
349,Koji virus posebno potiskuje te ćelije?
350,Kada je Vitruvije stvorio ove planove?
351,Ko je određen za dodelu Zlatne kopačke u svakoj sezoni?
352,Da li je bilo vremena da to nije bilo slučaj?
353,Arhitektura u sebi uključuje i odnosi se na stvaranje čega?
354,Koji su neki od glavnih doprinosa državnim rezultatima?
355,Kako je počeo španski sukob?
356,Šta je bilo sudsko glasanje o novoj kongresnoj mapi 2015. godine?
357,Koji latinski moto je dodat na grb 1949. godine?
358,U šta veruju neke teorije?
359,"Pored reproduktivnog zdravlja, na šta se još odnose ovi elementi?"
360,Šta je fokus rada napadača i ofanzivaca?
361,Koju teritoriju je jugoslovensko rukovodstvo tražilo da uključi?
362,Ko je pokrenuo Program akcije?
363,Koliko puta svaki klub igra sa svakim drugim klubom?
364,Šta se dešava kada oba tima postignu isti broj golova?
365,Koje godine je UNDP odgovorio na kritiku svog izveštaja?
366,Koje godine je Rebeka vodila utakmicu?
367,Koje godine su gimnastičke sprave i gimnastička disciplina  prilagođeni za Olimpijske igre?
368,Koje godine se dogodila ova presuda?
369,Kome su se plemići zakleli na vernost?
370,Koja vrsta zaposlenih je primala isplate?
371,U kom važnom trenutku je arhiva postala javno dostupna?
372,Kada je otvoren ovaj stadion?
373,Koja je bila jedna od njihovih promena?
374,Koja nevladina organizacija je istražila kineski program 2005. godine?
375,Gde se igra polufinale?
376,U sukobu sa čime su interesi ljudi koji finansijski podržavaju bilo koju organizaciju  kada se dešava ovaj tip problema?
377,Koje zemlje imaju više vanzakonitih i nezvaničnih stvari koje se dešavaju?
378,Ko je bio izvršni direktor ili podsekretar generalnog sekretara od 2000. do 2010. godine?
379,Šta se državni ekonomski sistem nadao da će izbeći?
380,Zašto su propustili to takmičenje?
381,Šta je Guverner Buš shvatio?
382,Na kom događaju su velike savezničke sile istakle svoje uslove na kraju rata?
383,Koliko meseci su pisci pesama radili na filmu putem video-konferencije?
384,Koji je novi tip arhitekture počeo da se stvara u to vreme?
385,Ko je bio uključen u grupu obojeni?
386,Koliko klubova je ušlo u sezoni 2006./2007. godine?
387,Koji je glavni razlog zbog kojeg su zemlje bile isključene iz izveštaja iz 2014. godine?
388,Koja je istočnoazijska diktatura bila isključena iz izveštaja iz 2014. godine?
389,Koliki procenat ukupnog ruskog Y hromozoma oni čine zajedno?
390,Koliko je utakmica bilo obezbeđeno za emitovanje na Biskajb-u?
391,Koliko je ljudi bilo u američkom timu za pronalaženje činjenica?
392,Koji je glavni centar pažnje?
393,Ko je posebno primetio ovaj strah?
394,Kako su se drevni sveti tekstovi poklonяli?
395,Da li je pobednik ugraviran na peharu?
396,Koja liga ima najveći prihod na svetu?
397,Kakva je struktura ocenjivanja?
398,Koja je bila vrednost ovog produženja?
399,Kada je u redu da stalni igrači koriste ruke?
400,Koje obnove su se dogodile 1876. godine?
401,Koliko je sredstava bilo namenski dodeljeno?
402,Zašto je napravljena ova klasifikacija?
403,Koje se definicije organizacije široko koriste?
404,Ko je sproveo istraživačku studiju?
405,Gde se tkanje tepiha prvobitno proširilo u carstvu?
406,Koja organizacija je najznačajnija za usvajanje globalne pokrivenosti ovih studija?
407,Sa čime su bili direktno povezani španski ratovi?
408,Šta je još bilo uključeno u referendumu iz 1967. godine?
409,Šta je bilo u prvom prikazivanju podataka?
410,Šta je u ovim zemljama prevazišlo 187 milijardi dolara?
411,U kojim godinama je bila prva sezona?
412,Ko je tražio da domaće lige smanje broj odigranih utakmica 1995. godine?
413,Koliko molekula primarne signalizacije  je poznato da se organizuju u različite obrasce ponašanja?
414,Koliko je bilo procenjeno da je ubijeno ljudi u revolucijama?
415,Šta su ovi doseljenici tražili?
416,Da li se to ikada ponovilo?
417,Kolika je potencijalna televizijska publika Premier lige?
418,Koje su grupe napravile ove optužbe protiv UNFPA?
419,Zašto se nisu preselili u Dablin?
420,Na šta se odnosio ovaj proces?
421,Kada je Tito umro?
422,Koji procenat prihoda od emitovanja se dodeljuje na osnovu zasluga prema rangiranju na kraju sezone?
423,Da li je dozvoljena upotreba veštačke trave?
424,Koje biće bi bilo najprilagođenije?
425,U kojoj godini je Osmanov sin osvojio Anadolijski grad?
426,Šta ljudi misle o ubicama divova?
427,"Zašto, osim ograničenih vremenskih perioda, ne bi bilo dozvoljeno da se u zemlji koristi Jutjub?"
428,"Šta je, pored pomoći u hrani, najviše ugroženo u ovim zemljama??"
429,Da li ljudi očekuju malo verovatne utakmice?
430,Ko je pobedio u ponudi?
431,Koje je vlakno deblje?
432,Kome je pala centralna hunta?
433,Kako se zvala uprava koju je carstvo koristilo da kontroliše svoj dug?
434,Tokom kojeg perioda je trajalo drugo carstvo?
435,Kako su hakeri uspeli da prodru u povezane mreže?
436,Koja godina je korišćena za procene u izveštaju za 2011.?
437,Koji procenat morskih divljih životinja je nestao?
438,"Šta nije potrebno, ali se može izabrati da zaštiti igrača od povreda glave?"
439,"Šta je dozvoljeno, ali ograničeno?"
440,Koliko igrača je postiglo 100 golova?
441,"Kolikko je to obično, ako postoji minimalni broj igrača?"
442,Koliko se gimnastičkih sprava koristi?
443,Koje godine su crni lideri pozvali na ovu promenu u jeziku?
444,Koliko je dugo graviranje od početka do kraja?
445,Koja godina je korišćena za procene u izveštaju iz 2011. godine?
446,Gde se šire ove vrste škola?
447,Koji koncept za obrazovanje vlada trenutno podržava?
448,Koliki je procenjeni broj mrtvih tokom rata?
449,Kako su se nazivali različiti dijalekti koji su postojali pre 19. veka?
450,Iz koje godine je bio njegov izveštaj?
451,"Šta su tekstovi sadržali, osim opštih saveta?"
452,Ko je jedini neligaški ubica divova koji je osvojio kup?
453,Za koju grupu se smatralo da je na vrhu stroge klasne hijerarhije?
454,Šta je osporeno 2012. godine?
455,Šta je suštinska supstanca u prirodi?
456,Koliki procenat stanovništva je bio „crni Karibi”?
457,Ko ima rekord za postizanje najviše golova u jednoj sezoni?
458,Koje godine je to bilo?
459,Pre čega su ažurirani Zakoni koji se tiču antena?
460,Odakle je većina crnaca obraćenika?
461,Ko je postao njegova ideološka podrška u zatvoru?
462,Koje dve promene su učinile da gradovi budu poželjniji za život?
463,Šta neko nije najbolji kome se može dati ugovor?
464,Ko može da hvata loptu samo rukama ili rukama tokom igre?
465,Koliko godina je između Svetskih prvenstava?
466,Ko je izvršio masovnu ofanzivu i uspeo da probije nemačke linije?
467,Čitač Opere je više šta?
468,Gde je bio održan događaj otvaranja javno dostupne arhive?
469,Koliko je bilo poslato brodom u Južnu Ameriku i na Karibe?
470,Koliko prihoda su dodelili timovima u sezoni 2014./2015. godine?
471,Zašto je Džekson želeo da se ovaj termin koristi?
472,Koji general je bio poražen 1920. godine?
473,Šta obično čini sklonost neformalnom učenju među ljudima koji ovo smatraju pravcem znanja?
474,Zašto je bio doživotno ugovoren?
475,Šta su istraživači u 2011. godini mogli da koriste kao uspešan vektor napada?
476,Koliko su piste produžene?
477,Ko je kontrolisao vladu?
478,Šta se samo smatra političkom korupcijom ako se čin direktno odnosi na to?
479,Ko je pevao srednjovekovno gregorijansko pevanje?
480,Ko je 1976. godine pokrenuo kontrolu obrazovnog sistema?
481,Od kada datira egipatski orkestar?
482,Koja delatnost je bila ciljana?
483,Koje vrste konzervativnih verovanja su usporile širenju carstva?
484,U kojoj deceniji su koledži za tehnologiju dobili naziv Univerzitet?
485,Koliko jedinstvenih posetilaca je mesečno praćeno od 2014. godine?
486,Ko je insistirao da se broj odigranih utakmica u svakoj domaćoj ligi mora biti smanjen?
487,Koliko je dug konopac?
488,Da li ESPN još uvek drži ugovor?
489,U kojoj zemlji su počele revolucije?
490,Kojim jezikom se pod uticajem carstva govorilo u Iraku?
491,Koliki je bio prosek posećenosti lige prve godine?
492,Da li je pet klubova mislilo da je ovo dobra ideja?
493,Gde su bivši robovi otišli na rad nakon što su bili oslobođeni?
494,Šta kritičari tvrde da imaju ljudi druge boje kože?
495,Kada je prelazni rokovi za transfer?
496,Ko su jedini igrači kojima je dozvoljeno da dodiruju loptu rukama?
497,Koji je raspon širine u metrima za međunarodne utakmice?
498,Koje godine su osvojili kup?
499,Ko je kritikovao istragu Stejt departmenta?
500,Koliko ljudi se identifikovalo kao mešana rasa?
501,Koji pokret otpora je vodio tokom Drugog svetskog rata?
502,Koliko dugo ova antitela deluju na decu?
503,Šta zavisi od toga koja je religija uobičajena za dotične slovenske etničke grupe?
504,Koga su izbrisali za kup?
505,Koliko je guverner Džordžije godišnje izdvojio u budžetu da bi svakom detetu obezbedio CD klasične muzike?
506,U kom periodu je bilo mnogo društveno-tehnoloških trendova?
507,Ko je još mogao da se bavi strukturnim proračunima za projektovanje u to vreme?
508,U kojoj godini se generalni direktor sastao sa predstavnicima „velike petorke” fudbalskih klubova?
509,Koliko utakmica igra svaki tim?
510,Šta je preraspodela učinila Floridi?
511,Šta se desilo u vazduhoplovnoj školi u maju 1913. godine?
512,Zašto te zemlje ne mogu da se takmiče?
513,Šta je nacrt tekuće implementacije strategije sajber bezbednost?
514,Navedite događaj koji je mogao da doprinese revoluciji.
515,Koji klubovi su propustili takmičenje?
516,Šta su demokratski glasači uradili 1998. godine?
517,Na čemu se ne zasniva definicija popisa stanovništva?
518,Koliko ima članova kluba?
519,Da li su se honorari za prelaz povećavali proteklih godina?
520,Kada su održana prva ženska olimpijska takmičenja?
521,Ko je bio na strani Floride tokom revolucije?
522,Koji je procenat nestalih slatkovodnih divljih životinja?
523,Koliko klubova je ušlo u sezoni 2007./2008. godine?
524,Ko je bio vladar u Maroku?
525,Kada su bili popularni sanskrit i indijska kultura?
526,Koje dve zemlje su najviše rangirane u podsaharskim zemljama?
527,Kojim danima se igra njaviše utakmica?
528,Koliko svaki od dva perioda produžetaka traje u minutima?
529,Ko je uskratio deci sa smetnjama u razvoju da ne mogu da pohađaju javnu školu?
530,Kako se zove sistem koji automatski otkriva kršenje autorskih prava?
531,Ko je održavao ravnotežu moći na izborima 1910. godine?
532,Koji put su izgradili Britanci?
533,Za koji procenat je porasla gledanost u Sjedinjenim Državama od 2012. godine do 2015. godine?
534,"U kojim naseljenim centrima se, kao poređenje, dijalekti češće viđaju na selu?"
535,Čemu mogu da nanesu štetu ove vrste korupcije?
536,Ko održava pravila igre?
537,Kako se zove istraživanje britanske agencije za pomoć?
538,Šta je to značilo na izborima 2000. godine?
539,Kakav je to osećaj?
540,Koja je etnička pripadnost njegove majke?
541,Na kom su nivou?
542,Šta je bilo rezultat ovih venčanja?
543,Ko sponzoriše Premijer ligu?
544,Kako se završio „klasični period”
545,"Na šta bi, po mišljenju Rondaninijeve, arhitektura mogla da  „utiče” i šta da „podstiče”?"
546,"Koji tim je tada napredovao, ali je ispao nakon prve sezone?"
547,Šta se desilo tokom tih godina?
548,U kom gradu je odigrana utakmica mirnim prisustvom dve vojske 2007. godine?
549,Šta je period pre rata?
550,Koji tim pomaže da se obezbedi primirje tokom građanskog rata u 2006. godini?
551,Koja je etnička pripadnost njegove majke?
552,Koliko su video-konferencije pomogle ovom seoskom području da uštedi novca?
553,Koliko je crnih robova posedovao?
554,Da li ima rangiranja?
555,Gde je prvi put objavljen eksperiment?
556,Da li je neki klub osvojio oba u istoj sezoni?
557,Kada je organizacija promenila ime?
558,Ko je ubijen iz Austrije?
559,"Zašto se pre ili prije pre razvio u odnosu na simbolizovanog ""pre""?"
560,Koja dva primera su data za opravdanje i vrednosti za izbor profesije?
561,"Na osnovu gore navedene definicije, sa čim materializam nije u skladu?"
562,Koje godine i gde je dodeljen prvi savršen rezultat?
563,Koji klubovi su igrali tokom prvog penala?
564,Posle koliko godina polithenika nudi diplomu umesto četvorogodišnje diplome osnovnih studija?
565,"Ko je bio najznačajniji nacionalistički demogag, kome su se ljudi obratili?"
566,Koliko mnogo su pale cene useva?
567,Na kom tipu sistema su se zasnivale civilne uprave carstva?
568,U koja mesta su migrirali milioni muslimana kada su napustili carstvo?
569,Kako se sada zove takmičenje?
570,Iz koje grupe je oko 200.000 pojedinaca napustilo Krim tokom rata?
571,Kako se gleda na komunikaciju?
572,Kako je takođe nazvana oprema koju igrač nosi?
573,Kome su se ljudi okrenuli u nekim svetskim državama?
574,Koji novinar je tužen zbog objavljivanja diskriminativnog komentara?
575,Koje je pitanje izbilo u prvi plan poslednjih godina?
576,Koliko osoba može biti u programu?
577,Zašto je američki predsednik rekao da je upad na Floridu bio neophodan?
578,U kom vremenskom periodu se desilo zlatno doba?
579,Kako se nazivaju uređaji koji su spoljnji izvor?
580,Da li ih neko odbija da ih prikazuje?
581,Šta mora biti jedan od maksimalno dozvoljenog broja igrača?
582,Koje su jedine lokacije na strani aerodroma gde je snimanje dozvoljeno?
583,Koju vrstu materije model uzima u obzir?
584,Koje godine je to bilo?
585,Za koju kategoriju putnika su obično rezervisane ove usluge?
586,Kada je prvi trofej dodeljen?
587,Kako se zove službena rezidencija u Beogradu?
588,Koji je jezik bio korišćen za verske obrede u carstvu?
589,Za šta je bio obučen deo birokratije pisara?
590,Kako su se ljudi osećali zbog odluke Mančestera?
591,Na šta se odnose 1800-e godine?
592,Rezultat čega je bilo širenje međunarodne trgovine kroz carstvo?
593,Čime može biti kažnjen kazneni prekršaj odbrambenog tima?
594,Koja tri zanimanja se u to vreme nisu zaista smatrala odvojenim jedno od drugog?
595,Da li je finale igrala dva kluba izvan najviših divizija?
596,Na kog poznatog filozofa su kasnije uticale ideje autora?
597,Na šta se odnosi to što je dovelo da je Seldžuk carstvo rezultat postojanja pod uticajem drugih kultura?
598,Ko je postao državni sekretar za obrazovanje 1970. godine?
599,Ko je bio kanadski ministar pravde?
600,Ko još može da igra?
601,Protiv kojeg tima je postignut prvi gol?
602,Koja je bila prestonica Osmanskog carstva?
603,Koliko puta je mogao da doda ili oduzme u sekundi?
604,Koja karipska nacija je u gornjem kvartilu HDI-ja (ali nema IHDI)?
605,Šta su odlučili u pogledu pitanja kolektivne prodaje?
606,Da li je neki Velški tim ikada osvojio takmičenje?
607,Koji kriterijumi se koriste za rangiranje klubova?
608,Kojim šifrovanjem je sada zaštićen sadržaj?
609,Kako to utiče na izbore?
610,Koja godina je korišćena za procene u izveštaju za 2013. godinu?
611,Kome se dodeljuje nagrada Zlatna kopačka?
612,Koja je bila svrha dvorskog obrazovnog sistema?
613,"Za razliku od 16. i 18. veka, šta je izazvalo migracije u 20. veku?"
614,Šta su bili sprečeni da rade pojedinci mešanih rasa?
615,Ko je još bio uključen u rat?
616,Koji je uobičajen engleski prevod tri načela?
617,Kada je predstavljen najnoviji dizajn?
618,Koji je bio jedan od zahteva za novi standardni sistem u Sjedinjenim Državama?
619,Koja kola su kvalifikaciona?
620,Do kog broja je porasla veličina orkestra?
621,Koje su termine Afroamerikanci upotrebljavali umesto toga?
622,Koji deo carstva 1914. godine nije bio muslimanski?
623,Ko je postigao četvrtu ukupnu titulu strelca od sezone 2006. godine?
624,Koga je vlada želela da odgaja kao belca?
625,Čemu prvenstveno služi ovo mesto?
626,Koji je bio položaj ovog zvaničnika u to vreme?
627,Kako se zvao savet koji je upravljao državnom politikom?
628,Kakve su bile reakcje na ideju da bi biproblem funkcije trebalo da bude ispred drugih nejasnoća?
629,Koji klubovi su se takmičili u utakmici?
630,Šta je označio period „pre rata”?
631,U kojoj zemlji su formulisani zakoni?
632,Ko je bio protivnik savezničkih snaga?
633,Za koju supstancu ontološka teorija sugeriše da je glavna?
634,Šta metode etnoistorije prelaze standardnu upotrebu?
635,Koja je perspektiva korišćena u različitim istraživačkim tradicijama za ispitivanje pojava?
636,Koji je raspon dužine u metrima za međunarodne utakmice?
637,Ko je emitovao utakmice na radiju?
638,Zašto je ovo bila jedinstvena odluka?
639,Da li je finale osvojio klub izvan vrhunskih divizija?
640,Koga su zastupnici zdravstvene zaštite promenili u svom slučaju da bi ga uključili kao optuženog?
641,Koje dve grupe su kontrolisale azijsku sferu?
642,Koja su dva primera civilizacije iz prošlosti?
643,Kolika je bila vrednost ugovora avio-kompanije Emirati?
644,Koliko robova je uvezeno sa britanskih Kariba?
645,Koji je bio drugi jezik onih koji nisu bili etnički Turci?
646,Šta ponekad klubovi mogu da urade ako smatraju da je kazna bila previše oštra?
647,Gde su bili spominjani ljudi iz tog regiona?
648,Koliko carevina je uništeno izazvano ratom?
649,Kada je promenjen prvi dizajn?
650,U kom periodu se dogodila ova diskriminacija?
651,Koja politička partija je ponovo izabrana ubedljivom većinom 2001. godine?
652,Da li je neko ikada propustio turnir?
653,Koje su tri stvari koje novi pokreti pokušavaju da postignu?
654,Koji izveštaj opisuje ovu korupciju?
655,Koja organizacija potvrđuje diplome dobijene iz politehničkih škola?
656,Koliko je članaka objavio vodeći autor i advokat na stranici sa pismima u Tajmsu?
657,Zašto su 2 okruga morala biti precrtana 2014. godine?
658,Šta je prouzrokovalo ozbiljnu finansijsku štetu?
659,Šta je dovelo do pobune 1810. godine?
660,Za koga je takmičenje baš otvoreno?
661,Koliko je kredita bilo potrebno za master studije (tehnologije) pre Bolonjskog procesa?
662,Koji tim je 2005. godine imao sve strane igrače?
663,Ko je bio ugnjetavan i diskriminisan?
664,U koje vreme je bilo mnogo društveno-tehnoloških trendova?
665,Da li je klub drugog nivoa ikada stigao do finala?
666,Šta u zakonima dozvoljavaju široki uslovi?
667,Šta je izvor citata?
668,Odakle su se preselili?
669,Gde su služili mnogi antropolozi?
670,Promene se dešavaju jer se nove kulturne stvari susreću sa ovom vrstom inovacija.
671,Šta su uradili sa tim novčićima?
672,Gde se nalazila vojna akademija?
673,Koliko je govornika sanskrita bilo prema popisu iz 1991. godine?
674,Na koju vrsta sela je predstavnik upućivao?
675,Ovaj identitet i dalje koristi manjina širom kojih bivših republika?
676,Koliko je graničenje veličine datoteke za preuzimanje na zastarelim pretraživačima?
677,Koji je glavni razlog zbog koga su zemlje bile isključene iz izveštaja za 2011. godinu?
678,Koliko klubova je ušlo u sezoni 2004./2005. godine?
679,Koliko zakona postoji u zvaničnim pravilima igre?
680,Šta se desilo na izborima 2000. godine?
681,Koje mišljenje imaju hrvatski nacionalisti o jezičkom pitanju?
682,Za šta se koristila sanskritska reč?
683,Koje su novine izveštavale o ovom incidentu?
684,Koliko je kredita bilo potrebno za master studije sa standardnog univerziteta pre Bolonjskog procesa?
685,Kako se ovo poredi sa prosečnim timom iz Premijer lige?
686,Ko je naručio istraživački rad o biodiverzitetu?
687,Šta je Jan unapredio?
688,Šta su istraživači u naučnim laboratorijama radili?
689,Ko je dizajnirao paviljon u Državnoj letnjoj rezidenciji?
690,Za šta je vlada bila optužena?
691,"Koliko donatorskih zemalja će se pridružiti SAD-u, po mišljenju predsednika?"
692,Zašto su njegova deca bila slobodna?
693,Kako se sada emituju igre?
694,Kada su se dogodili ratovi protiv španske vladavine?
695,Koliki procenat poginulih tokom rata su bili civili?
696,Koja ocena je dodata?
697,Šta medicinski stručnjaci veoma preporučuju za muške igrače?
698,Kako se raspoređuje polovina novca?
699,Koji je maksimalan broj zamena tokom većine profesionalnih utakmica?
700,Ko je bio predsednik Biskupske konferencije Jugoslavije?
701,Koliko se do 1968. godine promenila nauka o odeći u odnosu na faktore okoline?
702,Koliko je prošlo od uvođenja svetske široke mreže 1995. godine?
703,Da li su održani razgovori sa Fudbalskim savezom da se vidi da li su u redu sa ovim planom?
704,Koji razred je pao?
705,Šta neki ljudi smatraju da korupcija smanjuje jer zapravo smanjuje troškove čega?
706,Ko je pridružio organizacije na univerzalnom nivou?
707,Ko je ponudio amnestiju koloni koja se povlači?
708,Čiji je posao da spreči protivnike da postignu gol?
709,Koje vrste gimnastičkih sprava se koriste?
710,Koliko videa je emitovano dnevno od januara 2012. godine?
711,Ka povezivanju sa čime su teoretičari pokazali interesovanje?
712,Šta korupcija može smanjiti ekološkim propisima?
713,Kada su stilovi umetnosti nastali?
714,Čime se bavi cilj broj tri?
715,Kako se nazivao taj vremenski period?
716,Šta je Linkoln uradio dobro u ratu?
717,Šta je bilo uzrok tome?
718,Šta je on rekao da mozak određuje?
719,Šta je bio rezultat njihove preporuke?
720,Koja grupa je počela da opada unutar carevine krajem 19. veka?
721,Šta je treći element?
722,Ko je bio taj koji je predsedavao islamskim sudovima carstva?
723,Koliko godina se ukloni iz života alkoholičara od očekivanog?
724,Koje jezike oni govore?
725,Koji deo njega je lepotom arhitektura dodirnula?
726,Gde se prodao?
727,Na kom kontinentu je došlo do ovog preporoda?
728,Koje godine je Narodna skupština podržala ključni predlog zakon o „samoupravljanju”?
729,Koji je novi koncept uveden krajem 20. veka?
730,Šta je rezultat uklanjanja zabrane?
731,Gde su živeli ovi ljudi?
732,Šta su engleski igrači radili nakon zabrane?
733,Kog datuma je osnovana Vazduhoplovna škola?
734,Kada ulaze klubovi iznad nivoa 9?
735,Šta je ostalo nepromenjeno dok je baza znanja rasla?
736,Psihološka antropologija ispituje kako naši modeli društvenih procesa bivaju informisani i čime?
737,Izvan čega je došlo do širenja fokusa?
738,Koje mašine su bile uključene u narušavanje fizičke bezbednosti koje su imale veliku ulogu u incidentu?
739,Šta je glavni kuvar radio sa namirnicama u kuhinjama carske palate?
740,Na čemu su bili zasnovani zakoni sudskog sistema?
741,Koliko može biti visok odnos kompresije?
742,Saglasno kom broju i koji klubovi su izabrani za učešće u Evropskoj asocijaciji klubova?
743,Gde je prvi trofej dodeljen?
744,Koliko ljudi se identifikovalo kao belac?
745,Od kada su ljudi počeli da dodeljuju trofej posle igre?
746,Koliko endemičnih vrsta faune čuvaju šume?
747,Čiji su oni potomci?
748,Kada su uspostavljene direktne trgovinske veze sa Indijom?
749,Zašto su nakon rata neki vojni aerodromi dodali civilne objekte?
750,Koji kralj je pobegao iz zemlje 1941. godine?
751,Šta je kontrolisala Velika Britanija?
752,Gde su se 1941. godine sastali predstavnici vlade i vojske sa nemačkim zvaničnicima?
753,Koje godine je Džesi Džekson izneo ovaj argument?
754,Odakle kreće auto voz?
755,Koja vrsta licence je potrebna treneru?
756,U kojoj godini ubrzo nakon toga je Mančester junajted osvojio Kup pobednika kupova UEFA?
757,Gde je spremljena dodela pehara?
758,Šta gimnastičar radi u toku od 10 odskoka?
759,Koje su bile najvažnije zgrade tog vremena?
760,"Na koji drugi način je trošen novac, osim lažno zaposlenih i crnog tržišta koje je dobijalo lekove?"
761,Šta je bio primalac u početnom modelu?
762,"Da li je u savremenom vremenu, bilo koji tim koji nije u ligi stigao do četvrtfinala?"
763,Šta je bio jedan od faktora za ovakvo ponašanje u Africi?
764,Kada je počeo građanski rat?
765,Ko je doživeo značajan napredak u svojim akademskim rezultatima?
766,Da li se to ikada desilo?
767,Na koje mesto je izabran u radnom logoru?
768,Koja zemlja je najviše rangirana najviše puta?
769,Šta se zagovara u Ujedinjenom Kraljevstvu?
770,Kako se ovi molekuli apsorbuju u nekim organizmima?
771,Kako se mogu zaslužiti dodatni poeni?
772,Koliko novca za finansiranje je bilo blokirano?
773,Ko će prikazati 116 utakmica za isti vremenski period?
774,Kako su ljudi određeni kao „crnac” ili „belac”?
775,Na čemu je počela da se formira notacija muzike u ovom periodu?
776,Koja je maksimalna dozvoljena dužina kada korisnik sa novim nalogom objavi video?
777,Koja je jedina pozicija određena pravilima igre?
778,Na koga ovaj zakon najviše utiče?
779,Kada je završena velika vojna operacija?
780,Koliko klasa pacijenata sa hroničnim bolom postoji?
781,Koji je bio prvi metod koji je glumac koristio u pokušaju da ukloni svoje slike?
782,Kognitivni antropolozi žele da znaju kako je način na koji ljudi percipiraju i odnose se prema svetu oko sebe povezan i sa čime?
783,Gde u dijaspori žive oni koji takođe izjašnjavaju nacionalnost?
784,Da li je neko automatski ispunjava uslove?
785,Kolikio je odbitak pada?
786,Antigenske ćelije u novorođenčadi takođe se bore da to urade?
787,Koji su bili neki od razloga za povećanje prihoda u sezoni 2013./2014. godine?
788,"Ovaj stav o odnosu školovanja i zarada izazvao je brojne analize, ali šta je još izneo?"
789,Sa kim su se partizani imali sukobe?
790,Do sezone 2000./2001. godine koliki je bio procenat stranih igrača?
791,Koji građanski zakonik je regulisao brak?
792,Koja istočnoazijska diktatura je bila izostavljena iz izveštaja za 2011. godinu?
793,Popularna muzika iz kompozitorovog vremena je bila uključena u šta?
794,Koje godine je osvojen Rim ?
795,Kada je Rusija doživela teritorijalni rast?
796,Koliko je utakmica bilo obezbeđeno za emitovanje od strane BiTi Grupe?
797,Kada se završava program?
798,Gde je depresija izazvala negativne efekte?
799,Na koje mesto u vojsci je došao posle  zvanične škole?
800,Kako su bili poznati pisari kancelarije?
801,Koje je prvo pitanje koje treba postaviti da bi se definisale dve klase?
802,Koliko profesionalnih klubova postoji?
803,Čemu su ljudi pribegavali kada su morali da komuniciraju sa vladom?
804,U kojoj godini je sprovedena studija Svetske fondacije za prirodu?
805,Kakvu reakciju izaziva stimulans?
806,Šta je napredak luka izazvao u stanovništvu?
807,Od čega se sastoje družine?
808,Koliko različitih igrača je osvojilo titulu najboljeg strelca?
809,Na kojoj platformi se koristi pregledač?
810,Koliko je kola u turniru?
811,"Autor, Ijan Fleming, stvorio je izmišljenog lika Džejms Bonda koji najviše čita samo koji novine?"
812,Koja je maksimalna dužina zaletišta?
813,U šta su se ove rane škole tokom srednjeg veka razvile?
814,U kom obliku se informacije ili sadržaj prenose u jednostavnom modelu?
815,Koji je bio procenat izdavača sa kojima je Jutjub potpisao ugovore pre planiranog datuma lansiranja servisa?
816,Koja su druga dva amtrak voza koji služe Floridi?
817,Na koliko je bio smanjen broj klubova 1995. godine ?
818,Kako se rešava nerešen rezultat za prvenstvo?
819,Šta se dogodilo u zlatnom dobu?
820,Šta je kritična veština izvršenja u smislu rezultata?
821,Kada je improvizacija počela znatno da se smanjuje?
822,Koje bi uticaje mogla imati određena vrsta odeće?
823,Šta se desilo sa televizijskim pravima Premijer lige nakon ove odluke?
824,Za koje ispite se učenici pripremaju u šestom razredu?
825,Kako su školovanje i zarada bili jedna od glavnih briga ove literature?
826,Kada je finale?
827,Koje zemlje su pretrpele najviše žrtava u ratu?
828,Koje klase ljudi je loša vladavina opterećivala carstvo?
829,Kako se danas taj izraz razume u odnosu na Australijance?
830,Koji je termin prihvaćen tokom ovog perioda?
831,Kako se informacije prenose kroz jednostavan model?
832,"Koja granica se daje kao primer, a koja može biti inkluzivna ili ekskluzivna?"
833,Na kom događaju je predstavljen istraživački rad o biodiverzitetu?
834,Koliko je vredeo drugi ugovor o televizijskim pravima koji je dodeljen Skaj-u?
835,Šta je još jedan oblik korupcije?
836,Koja tri razloga su navedena za isključenje zemalja?
837,Koliko je najviše utakmica odigrao tim da bi stigao do finala?
838,Gde se održavao FA kup dok je građen ovaj stadion?
839,Kako je poznat asemblerski jezik računara?
840,Kada su počela redovna emitovanja u Evropi?
841,Zbog čega su ova tri elementa tela od interesa?
842,Koliki procenat stanovništva je bio „crni ostali”?
843,Koliko je stvarno trofeja bilo predstavljeno?
844,Koja je tema petog cilja?
845,Koje planinsko nizče je nastalo kao rezultat koje zone duž Tihog okeana u Južnoj Americi?
846,"Kada se još prekida igra, osim što se sudija umeša?"
847,Tokom kojih godina je sprovedena studija?
848,Šta je dominiralo nad svim ekonomskim i državnim interesima?
849,Koji su manje uobičajeni jezici koji se govore?
850,U kom takmičenju je osvojio srebrnu medalju?
851,Koju vrstu dizajna su omogućavali graditeljima ovi tekstovi da koriste?
852,Šta su pobunjenici srušili tokom pobune?
853,Koji poznati bokser je bio kritikovan zbog dovođenja u pitanje nečijeg crnačkog identiteta?
854,Ko nosi odeću koja ga lako izdvaja od svih ostalih na terenu?
855,Do kada je carstvo imalo hrišćansku većinu?
856,Kada se pridružila Konvenciji Ujedinjenih nacija protiv korupcije?
857,Šta se dešava sa ovim mekim fekalnim peletom?
858,Šta je uobičajeno u razvijenim zemljama?
859,Koje godine je Beč osnovao svoje društvo?
860,Koje godine je ukinuta ustavna diskriminacija?
861,Gde je rangirana stambena potrošnja na nacionalnom nivou?
862,Koja tema je bila glavna na Biskupskoj konferenciji?
863,Kada je Evropa napustila standardni prenos?
864,Koje vrste brifinga je zabranjeno da daju članovi određenih antropoloških tela?
865,Koji drugi uslov postoji za konopac?
866,Koliko je pala međunarodna trgovina?
867,Koliko je velika grupa u društvu koja koristi sanskrit?
868,Koliki je bio prosek gledanosti u Sjedinjenim Državama tokom sezone 2014./2015.godine?
869,Koji su naziv neki univerziteti promenili iz marketinških razloga 1990. godine?
870,Koji pravni sistem je glumac koristio nakon podnošenja pismenih molbi putem DMCA?
871,Koji klubovi dobijaju najveći deo prihoda od emitovanja kada se prava prodaju pojedinačno?
872,Šta je glavna osobina ovog događaja?
873,Da li se ljudi Londona slažu sa ovom akcijom?
874,Ko je optužio arapsku vladu da praktikuje dela rasizma?
875,U vidu kakve pomoći od Evrope je ponuđena zaštita Jevrejima i hrišćanima?
876,Kako se drugačije ova tkiva smeštaju u telu?
877,"Koji period se naziva ""zlatno doba""?"
878,Koja je etnička pripadnost njegovog oca?
879,Koji delovi imunog sistema se mogu bezbedno ukloniti u ovim hitnim slučajevima?
880,Šta se desilo sa Kongresnom mapom 2015. godine?
881,Koliko utakmica svaka od njih emituje?
882,U kojoj godini je incident pomogao da se uvede dodatno vreme?
883,Gde bi oni bili zastupljeni ako se odobri status manjine?
884,Čije ime je dodato nazivu za svako mesto ili grad sa istorijskim značajem iz perioda Drugog svetskog rata?
885,Da li je ova licenca potrebna na stalnom nivou?
886,Šta se desilo sa kraljem nakon suđenja?
887,"Koji sistem je smatrao nemuslimane podanicima carstva, ali nevezane muslimanskim zakonom?"
888,Gde su bili oni?
889,Ko je obezbedio domaća prava na emitovanje 116 odnosno 38 utakmica?
890,Koji je maksimalno dozvoljen broj igrača?
891,Kada je Jinrong bio šef policije u ovoj oblasti?
892,"Na šta je više fokusirana, na estetiku ili na akrobatiku?"
893,Koja godina je korišćena za procene u izveštaju za 2015.?
894,Zašto se to dogodilo?
895,Kada će se ovo produženje završiti?
896,"Šta su oni radili koriseći Tviter tokom Arapskog prleća, kako je rekao jedan aktivista?"
897,Koji ljudi su se obogatili prodajom državnih kompanija?
898,Kako je Vrhovni sud Floride odlučio o izazovu?
899,Koja grupa se smatrala vrhom strogog klasnog društva?
900,Sa kim je Austrougarska ratovala oko teritorije?
901,Da li je to nekada imalo drugačije ime?
902,Koji pokret je izdanak ove promene u retorici?
903,Koje je drugo pitanje koje treba postaviti kako bi se definisale dve klase?
904,Koliki procenat svog stanovništva je Poljska izgubila u ratu?
905,U kojim oblastima su ostvarena dostignuća tokom revolucije?
906,Gde se obično nalazi sanskrit?
907,Koja zemlja je postala na bogatstvima teritorije koje je privuklo većinu Slovena da nastave na jug?
908,"Za koje druge kulture se kaže da su odvojene prostorom, šta to zapravo znači?"
909,Koliko godina je bila stara Fudbalska liga kada se desio raskid?
910,Gde su bile pravne škole carstva?
911,Kada je Evropska komisija saopštila da će istražiti povezivanje?
912,Šta se dešava ako sportski teren nije na nivou?
913,"U kom sistemu su bili instituti za tehnologiju tokom sedamdesetih, osamdesetih i ranih devedesetih?"
914,Kada je počela trgovina robljem?
915,"Koliko najduže anestetik može ukloniti bol, uprkos tome što njegovo dejstvo prođe kroz nekoliko sati?"
916,Kojom klasom su se smatrali Afrikanci i deca mešovitog rasnog porekla?
917,Koji grčki istoričar je to zapisao?
918,Šta mogu da urade pobednici kontinentalnog takmičenja ?
919,Ko je najniže rangiran koji igra u trećem kolu?
920,"Kada je posećenost smanjena u Prvoj diviziji Fudbalske lige, i šta je još umanjeno?"
921,Gde je Odbor za obrazovanje rangirao sanskrit kao izborni jezik?
922,Koji je jedan od načina na koji je carstvo opisano u vezi sa kulturom?
923,Šta je napredak tokom revolucije poboljšao za ljude?
924,Da li postoji naziv za određeno mesto?
925,Koji tip škole je formiran u carstvu 1734. godine?
926,Zašto je to bilo?
927,Koja grupa je vladala carstvom do 15. veka?
928,Koliko bodova dobija svaki klub za svaku pobedu?
929,Da li su učenici koji su aktivno slušali klasičnu muziku pre učenja imali više ili niže rezultate?
930,Sa čime su te civilizacije imale veze koje su prikazane njihovom arhitekturom?
931,"Na kom terenu je bilo mesto ""diplomatskog lova""?"
932,Koji sultan nije poverovao svojim admiralima tokom Rusko-turskog rata?
933,Koje godine je izašla studija u kriptološkom spektru?
934,Koliko je vredeo treći ugovor o televizijskim pravima koji je dodeljen Skaj-u?
935,Od čega su napravljene ove pritke?
936,Ko je postigao prvi gol u Premijer ligi?
937,Kako su računaju periodi od 1900. godine?
938,Da li je trofej ukrašen?
939,Koji je bio vodeći sportski klub 1905. godine?
940,Šta su se severni lideri složili o ropstvu?
941,Koliku smrtnost je Sovjetski Savez pretrpeo u ratu?
942,Kada je bio prvi penal?
943,Koliko procenata stanovništva sebe smatra  Amerikancima?
944,Ko je uspeo da oslobodi teritoriju uprkos sukobima?
945,Sa koliko predsedničkih administracija je izazvan sukom ovim optužbama?
946,Ko je najodgovorniji za taktiku timova?
947,Šta je jedan od glavnih uzroka burne istorije?
948,Do čega je pobuna dovela?
949,Koliko klubova je na kraju utvrđivalo prvobitna pravila igre?
950,Zašto se klinička imunologija širi na te oblasti?
951,"U ovoj teoriji, koja radnja izaziva emociju?"
952,Koji procenat otpada na nestale kopnene životinje?
953,Koliki procenat stanovništva je bio „crni Afrikanac”?
954,Koliko sezona je prvi ugovor o televizijskim pravima dodeljen Skaj-u?
955,Šta su sve zemlje obnovile 1990-ih godina?
956,Gde se nalazi Muzej za umetnost i istoriju?
957,Kada je nestala usmena tradicija?
958,"Šta su pokušavali da utvrde instrumenti korišćeni da bi se ukazalo na različite oblike korupcije, da li su inače strogo domaći ili kakvi?"
959,Na koliko je smanjen broj klubova u ligi u 1995. godini?
960,"Za šta su oni koristili Fejsbuk tokom Arapskog proleća, kako je rekao jedan aktivista?"
961,Koji zakon je određivao kojoj klasi pripada građanin?
962,U koliko zemalja su se nalazile institucije koje su predavale antropologiju?
963,Ko je igrao po sopstvenim pravilima do 1870-ih godina?
964,Šta je nastalo na osnovu ovih građanskih ideja?
965,Može li klub da se žali na zahtev?
966,Da li su cene na ovim prodajnim mestima obično više ili niže od uličnih cena?
967,Gde je korupcija još više rasprostranjena?
968,U kojim razredima osnovne škole je bosanski fakultativni predmet?
969,Kada je iz Prvog svetskog rata izašao pobednik?
970,Šta se mislilo u vezi finansijera i bogatih industrijalaca?
971,Šta je takođe postalo deo carstva kada je Osmansko carstvo osvojilo region?
972,Šta je bila poenta ovih ugovora?
973,Šta je raspored timskih igrača?
974,Koja rasa je brže rasla posle Prvog svetskog rata?
975,Šta može diskreditovati ovakva vrsta korupcije zajedno sa institucijama?
976,Odakle je većina njih?
977,Da li je mišljenje većine ili manjine da su dva različita standardna jezika postojala i da su se preklapila u nekom istorijskom trenutku?
978,Da li im je potreban stadion za takmičenje?
979,Koliko divizija je ostalo u Fudbalskoj ligi posle podele?
980,Šta je drugo carstvo?
981,Da li se utakmica emitovala u oba grada?
982,Koji je raspon dužine polja u metrima za nemeđunarodne utakmice?
983,Koji doktor iz Pakistana je bio na poziciji do 2000. godine?
984,Koliko dugo je bio u zatvoru u Lepoglavi?
985,Koji sudija je vodio tužbu?
986,Gde se mogu naći tragovi za pamćenje u vezi sa pozicijama akcenta?
987,Koji brend je bio dobavljač sportske opreme pre 1994. godine?
988,Predsednik je rekao da bi finansiranje Fonda za stanovništvo UN pomoglo koliko zemalja?
989,Koja sredstva za prikupljanje podataka više ne koriste obe kompanije?
990,Na čiju stranu je stala Internet arhiva?
991,Ko je bivši glavni naučni savetnik britanske vlade?
992,Gde su održana prva ženska olimpijska takmičenja?
993,Na početku kojeg veka su propovednici postali nepopularni?
994,Koliko je drugoligaša ušlo u finale?
995,Koja su bila neka od imena koja su data jeziku tokom perioda strane kontrole?
996,"U kom cilju će stručnjaci primeniti ono što su naučili, ako se misija postigne?"
997,Od kada su se javne škole sve više razvijale?
998,U kom vremenskom periodu su se desile najbrutalnije bitke?
999,Ko je poslao telegram vrhovno štabu kojim se zabranjuje streljanje ratnih zarobljenika?
1000,Koliko klubova se takmičilo u sezoni 2011./2012. godine?
1001,Kojom bojom je opisivao sebe?
1002,Koji stariji arhitektonski pokreti nisu u skladu sa novijim pokretima?
1003,Šta obećavaju ovi kandidati koje Florida podržava?
1004,O čemu svedoče najranija pominjanja koja datiraju iz prve polovine 6.veka?
1005,Koliko sredstava nije stiglo do namenjenih primalaca kojima je bila potrebna medicinsku pomoć?
1006,Iz koje zemlje su došla pravila igre?
1007,Protiv koga su se takmičili proučavanjem humanističkih nauka?
